<?xml version='1.0' encoding='utf-8' standalone='yes' ?>
<map>
    <int name="pref_episodeSorting_6720" value="1" />
    <boolean name="pref_downloadOldEpisodesFirst" value="false" />
    <boolean name="pref_hide_downloadCompleted_notification" value="false" />
    <boolean name="pref_isPauseVideoWhenScreenOff" value="true" />
    <long name="pref_lastSubscriptionsSyncTimeStamp" value="20161208220952" />
    <int name="pref_episodeSorting_6726" value="1" />
    <string name="pref_playerNotificationPriority">2</string>
    <boolean name="pref_markReadWhenDonePlaying_X" value="true" />
    <boolean name="pref_statsEnabled" value="true" />
    <boolean name="pref_widgetRewindButtonEnabled" value="true" />
    <boolean name="pref_isFeedAutoUpdateEnabled" value="false" />
    <boolean name="pref_playerStandardNotificationPreviousTrack" value="false" />
    <int name="pref_episodeSorting_379" value="1" />
    <int name="pref_episodeSorting_377" value="1" />
    <boolean name="pref_displayRemainingTime" value="false" />
    <boolean name="pref_flattrPodcastAddict" value="false" />
    <boolean name="pref_automaticFavoriteSharing" value="true" />
    <int name="pref_episodeSorting_6526" value="1" />
    <long name="pref_installDate" value="1454677966438" />
    <boolean name="pref_slidingMenuNewEpisodesEntryEnabled" value="true" />
    <boolean name="pref_deleteWhenDonePlaying_X" value="false" />
    <boolean name="pref_widgetUpdateButtonEnabled" value="false" />
    <boolean name="pref_keepFavoritesUponAutoDeletion" value="false" />
    <boolean name="pref_slidingMenuPlaybackHistoryEnabled" value="true" />
    <boolean name="pref_automaticPodcastDescriptionHelpDisplay" value="false" />
    <boolean name="pref_hide_every_notification" value="false" />
    <boolean name="pref_podcastArchiveModeAutoDownload_X" value="false" />
    <boolean name="pref_override_download_392" value="true" />
    <boolean name="pref_override_automaticRefresh_X" value="true" />
    <int name="pref_lastPlayedEpisodeType" value="0" />
    <boolean name="pref_hide_updateInProgress_notification" value="false" />
    <long name="pref_lastPlayedCustomEpisode" value="20107" />
    <boolean name="pref_internalLiveStreamPlayerEnabled" value="true" />
    <boolean name="pref_markReadUponAutoDeletion" value="true" />
    <boolean name="pref_opmlAutomaticBackup" value="false" />
    <string name="lastPlaybackSpeed_392">{&quot;1472912681367&quot;:&quot;2.0&quot;}</string>
    <int name="pref_episodeSorting_6676" value="1" />
    <long name="pref_userLastPing" value="1482597595042" />
    <boolean name="pref_fastScrollPodcasts" value="true" />
    <boolean name="pref_carLayout" value="false" />
    <boolean name="pref_keepPlayerScreenOn" value="false" />
    <boolean name="pref_automaticDequeue" value="false" />
    <float name="pref_speedAdjustment_392" value="2.0" />
    <boolean name="pref_areLanguagesSet" value="true" />
    <set name="pref_searchEngineHistory">
        <string>caustic soda</string>
    </set>
    <boolean name="pref_smartPlaylistStreamingEnabled" value="true" />
    <boolean name="pref_disableToastMessages" value="false" />
    <string name="cast-activity-name">com.google.android.libraries.cast.companionlibrary.cast.player.VideoCastControllerActivity</string>
    <int name="pref_jumpBackward" value="15" />
    <boolean name="pref_customSortPerPodcast" value="true" />
    <string name="pref_appNotificationPriority">1</string>
    <string name="pref_feedAutoUpdateRefreshRate">1440</string>
    <boolean name="pref_automaticPlaybackSharing" value="true" />
    <long name="stats_totalDuration" value="456861" />
    <int name="com.facebook.appevents.SessionInfo.interruptionCount" value="2" />
    <boolean name="pref_resetUserSubscriptions" value="false" />
    <boolean name="pref_override_player" value="false" />
    <long name="pref_lastPlayedEpisode" value="20107" />
    <long name="pref_lastPlayedAudioEpisode" value="99401" />
    <boolean name="pref_slidingMenuPlayListDurationDisplay" value="false" />
    <boolean name="pref_playbackVolumeBoost_6242" value="true" />
    <boolean name="pref_override_download_377" value="true" />
    <boolean name="pref_override_display_351" value="false" />
    <boolean name="pref_speedPlaybackOn_-99" value="false" />
    <boolean name="pref_playbackVolumeBoost_351" value="true" />
    <boolean name="pref_skipPlayListStreamedEpisodeWhenNoConnection" value="false" />
    <boolean name="pref_override_download_379" value="true" />
    <boolean name="pref_showPodcastNameInGridMode" value="true" />
    <boolean name="pref_playerStandardNotificationPlayPause" value="true" />
    <boolean name="needRecommendationUpdate" value="true" />
    <boolean name="pref_widgetDownloadedEpisodesButtonEnabled" value="false" />
    <int name="pref_widgetButtonsColorPicker" value="-1" />
    <boolean name="pref_enablePrevNextControls" value="true" />
    <int name="pref_currentVersionCode" value="1019" />
    <boolean name="pref_performWalledGardenTest" value="true" />
    <boolean name="pref_podcastAutoDownload_431" value="true" />
    <boolean name="pref_elapsedTimeDisplay" value="true" />
    <boolean name="pref_internalPlayerEnabled_X" value="true" />
    <boolean name="pref_podcastAutoDownload_333" value="true" />
    <boolean name="pref_fastScrollEpisodes" value="true" />
    <string name="lastPlaybackSpeed_449">{&quot;1472513502395&quot;:&quot;1.2&quot;,&quot;1472559724216&quot;:&quot;1.3&quot;,&quot;1472569897832&quot;:&quot;1.5&quot;,&quot;1472569897877&quot;:&quot;2.0&quot;}</string>
    <boolean name="pref_override_automaticCleanup" value="false" />
    <boolean name="pref_playerLoopModeFeatureEnabled" value="false" />
    <boolean name="pref_override_download_461" value="false" />
    <int name="pref_episodeSorting_6453" value="1" />
    <boolean name="pref_override_download_465" value="true" />
    <long name="com.facebook.appevents.SessionInfo.sessionEndTime" value="1465908533583" />
    <string name="lastPlaybackSpeed_447">{&quot;1472865897534&quot;:&quot;2.0&quot;,&quot;1472866080161&quot;:&quot;1.9&quot;}</string>
    <int name="pref_episodeSorting_6450" value="1" />
    <boolean name="pref_playerStandardNotificationFastForward" value="true" />
    <int name="pref_episodeSorting_6625" value="1" />
    <boolean name="pref_playbackVolumeBoost_449" value="true" />
    <boolean name="pref_smartPlayListOlderFirst" value="false" />
    <boolean name="pref_slidingMenuPlaybackProgressEntryEnabled" value="true" />
    <boolean name="pref_playbackVolumeBoost_447" value="false" />
    <int name="pref_episodeSorting_332" value="1" />
    <boolean name="pref_defaultPlaybackVolumeBoost" value="false" />
    <boolean name="pref_override_download_351" value="true" />
    <boolean name="pref_hide_updateCommentsInProgress_notification" value="false" />
    <boolean name="pref_override_display_329" value="false" />
    <boolean name="pref_episodeArtworkDisplay" value="true" />
    <boolean name="pref_podcastAutoDownload_329" value="true" />
    <boolean name="pref_podcastAutoDownload_420" value="true" />
    <boolean name="pref_novaLauncherTeslaUnreadPlugin" value="false" />
    <boolean name="pref_isRefreshOnStartupEnabled" value="false" />
    <boolean name="firstTimeDownloadingOverData" value="false" />
    <int name="pref_playListSorting_1" value="1" />
    <float name="pref_speedAdjustment_346" value="1.2" />
    <boolean name="pref_hide_downloadInProgress_notification" value="false" />
    <boolean name="pref_podcastArchiveModeAutoDownload" value="false" />
    <boolean name="pref_hide_updateCompleted_notification" value="false" />
    <string name="lastPlaybackSpeed_431">{&quot;1472828451872&quot;:&quot;1.1&quot;,&quot;1482455734249&quot;:&quot;1.2&quot;,&quot;1482455734314&quot;:&quot;1.5&quot;}</string>
    <boolean name="pref_speedPlaybackOn_392" value="false" />
    <int name="pref_episodeSorting_6441" value="1" />
    <int name="pref_episodeSorting_465" value="1" />
    <int name="pref_episodeSorting_6442" value="1" />
    <boolean name="pref_slidingMenuLatestsEpisodesEntryEnabled" value="false" />
    <boolean name="pref_playbackVolumeBoost_431" value="false" />
    <boolean name="pref_slidingMenuFavoriteEpisodesEntryEnabled" value="true" />
    <string name="pref_appLocaleSelection">0</string>
    <string name="pref_playlistQueueMode">0</string>
    <string name="lastPlaybackSpeed_351">{&quot;1472991019420&quot;:&quot;1.1&quot;,&quot;1472991019464&quot;:&quot;1.2&quot;}</string>
    <string name="liveStreamSearchEngineLastSelectedCountry">Brazil</string>
    <int name="pref_episodeSorting_461" value="1" />
    <int name="pref_jumpForward_X" value="30" />
    <string name="pref_deleteOldEpisodes_X">-1</string>
    <boolean name="pref_wifiOnlyThumbnail" value="false" />
    <boolean name="pref_mediaButtonHighPriority" value="false" />
    <boolean name="pref_playbackSkipSilence_-99" value="false" />
    <int name="pref_episodeSorting_-99" value="1" />
    <boolean name="pref_enableFastForwardControls" value="true" />
    <boolean name="pref_automaticDequeue_X" value="false" />
    <boolean name="pref_slidingMenuHomeButtonDefaultBehavior" value="true" />
    <boolean name="pref_downloadOldEpisodesFirst_X" value="false" />
    <boolean name="pref_override_download_340" value="true" />
    <string name="pref_Theme">2</string>
    <int name="pref_widgetTransparency" value="90" />
    <float name="pref_speedAdjustment_351" value="1.2" />
    <boolean name="pref_vibrateWhenAboutToExpire" value="false" />
    <int name="pref_episodeSorting_6475" value="1" />
    <boolean name="pref_keepUnreadEpisodesWhileSyncingWithRSSFeedContent_X" value="true" />
    <boolean name="pref_playbackVolumeBoost_420" value="true" />
    <string name="lastPlaybackSpeed_346">{&quot;1472321695807&quot;:&quot;0.9&quot;,&quot;1472321707064&quot;:&quot;1.2&quot;}</string>
    <boolean name="pref_deleteWhenDonePlaying" value="false" />
    <boolean name="pref_hasBeenRated" value="true" />
    <int name="pref_episodeSorting_351" value="1" />
    <int name="pref_episodeSorting_454" value="1" />
    <boolean name="pref_playbackSpeedEnabled" value="true" />
    <long name="pref_newDownloadsTimeStamp" value="1482241209087" />
    <boolean name="pref_override_download_346" value="true" />
    <boolean name="pref_keepEpisodeWhenTimesUp" value="true" />
    <string name="pref_maxNumberOfEpisodesToDisplay">-1</string>
    <string name="pref_numberOfEpisodeToKeep">20</string>
    <boolean name="pref_automaticEpisodeHelpDisplay" value="false" />
    <boolean name="pref_enableEpisodesPodcastHeader" value="true" />
    <boolean name="pref_wifiOnlyUpdate" value="false" />
    <boolean name="pref_podcastAutoDownload_447" value="true" />
    <boolean name="pref_podcastAutoDownload_449" value="true" />
    <string name="pref_uuid">6ee26a2553ec78e9#0430490155#ff95ab1d-95d9-4807-a85b-be995eca6dd3</string>
    <boolean name="pref_automaticEpisodeListHelpDisplay" value="false" />
    <string name="pref_automaticPlaylist">1</string>
    <int name="pref_episodeSorting_6796" value="1" />
    <boolean name="pref_internalVideoPlayerEnabled" value="true" />
    <boolean name="pref_widgetFastForwardButtonEnabled" value="true" />
    <int name="pref_episodeSorting_447" value="1" />
    <int name="pref_episodeSorting_449" value="1" />
    <int name="pref_episodeSorting_341" value="1" />
    <long name="com.facebook.appevents.SessionInfo.sessionStartTime" value="1465908484054" />
    <boolean name="pref_forceWebViewSoftwareRendering" value="false" />
    <boolean name="pref_override_download_333" value="true" />
    <boolean name="pref_playbackRewindFastForwardWorkaroundEnabled_X" value="false" />
    <string name="pref_numberOfEpisodeToKeep_X">20</string>
    <int name="pref_episodeSorting_6469" value="1" />
    <boolean name="pref_override_display" value="false" />
    <boolean name="pref_playWhileDownloading" value="false" />
    <boolean name="pref_speedPlaybackOn_351" value="false" />
    <int name="pref_episodeSorting_431" value="1" />
    <int name="stats_readEpisodes" value="109" />
    <boolean name="pref_playbackExpandedNotification" value="false" />
    <boolean name="pref_defaultPlaybackSkipSilence" value="false" />
    <long name="pref_installDateChecks" value="1" />
    <string name="pref_batchDownloadLimit">-1</string>
    <boolean name="pref_override_download" value="true" />
    <boolean name="pref_isLanguageSearchEngineEnabled" value="true" />
    <string name="pref_episodeDisplayMode">0</string>
    <boolean name="pref_automaticAudioPlayerHelpDisplay" value="false" />
    <boolean name="pref_playerStandardNotificationStop" value="true" />
    <string name="com.facebook.appevents.SessionInfo.sessionId">f1113147-d600-4f85-b76e-81994abe8ebf</string>
    <boolean name="pref_playerShuffleModeFeatureEnabled" value="false" />
    <int name="pref_episodeSorting_7042" value="1" />
    <boolean name="pref_podcastAutoDownload_465" value="true" />
    <boolean name="pref_deleteReadEpisodesArtwork" value="true" />
    <boolean name="pref_playbackRewindFastForwardWorkaroundEnabled" value="false" />
    <int name="pref_episodeSorting_6709" value="1" />
    <boolean name="pref_btFiltering" value="false" />
    <boolean name="pref_networksInitialized" value="true" />
    <long name="pref_networkUpdateDateChecks" value="1482132170079" />
    <boolean name="pref_keepUnreadEpisodesWhileSyncingWithRSSFeedContent" value="true" />
    <boolean name="pref_speedPlaybackOn_346" value="false" />
    <boolean name="pref_override_download_329" value="true" />
    <boolean name="pref_slidingMenuDownloadedEpisodesEntryEnabled" value="true" />
    <string name="pref_adFormat">0</string>
    <boolean name="pref_override_download_420" value="true" />
    <boolean name="pref_podcastAutoDownload_379" value="true" />
    <boolean name="pref_continuousPlayback" value="true" />
    <int name="pref_episodeSorting_7033" value="1" />
    <boolean name="pref_isITunesSearchEngineEnabled" value="false" />
    <boolean name="pref_wifiOnlyLiveStream" value="false" />
    <boolean name="pref_commentsAutoDownload" value="true" />
    <boolean name="pref_shareWithContentLibraries" value="false" />
    <boolean name="pref_podcastAutoDownload_377" value="true" />
    <boolean name="pref_isVideoLandscapePlaybackForced" value="false" />
    <boolean name="pref_isAlwaysDisplayPlayerBar" value="true" />
    <boolean name="pref_playerStandardNotificationNextTrack" value="false" />
    <boolean name="pref_speedPlaybackOn_377" value="false" />
    <string name="pref_updateConcurrentThreadNumber">1</string>
    <int name="pref_episodeSorting_6438" value="1" />
    <boolean name="podcastCustomArtwork_6442" value="true" />
    <boolean name="pref_hideSeenEpisodes" value="false" />
    <boolean name="pref_override_download_431" value="true" />
    <boolean name="pref_hidePausedPlayerNotif" value="false" />
    <int name="pref_episodeSorting_6430" value="1" />
    <boolean name="pref_podcastAutoDownload_340" value="true" />
    <float name="pref_speedAdjustment_449" value="2.0" />
    <int name="pref_episodeSorting_6432" value="1" />
    <string name="pref_headsetDoubleClickAction">2</string>
    <float name="pref_speedAdjustment_447" value="1.9" />
    <int name="pref_jumpBackward_X" value="15" />
    <boolean name="pref_ignoreAudioFocusRequests" value="false" />
    <boolean name="pref_widgetNextTrackButtonEnabled" value="false" />
    <boolean name="pref_hideEmptyPodcasts" value="false" />
    <boolean name="pref_enableHeadsetControl" value="true" />
    <boolean name="pref_podcastAutoDownload_346" value="true" />
    <boolean name="pref_podcastAutoDownload_X" value="true" />
    <boolean name="pref_disablePlayerNotificationProgressBar" value="false" />
    <boolean name="pref_widgetPreviousTrackButtonEnabled" value="false" />
    <int name="pref_lastSearchEngineTypeFilter" value="1" />
    <string name="pref_automaticPlaylist_X">1</string>
    <boolean name="pref_isFirstRun" value="false" />
    <string name="application-id">7A6D1924</string>
    <boolean name="pref_widgetPlayListButtonEnabled" value="true" />
    <boolean name="pref_override_download_449" value="true" />
    <boolean name="pref_enablePlaylist" value="true" />
    <int name="pref_episodeSorting_6429" value="1" />
    <boolean name="pref_isPlayerResumePlaybackWorkaroundEnabled" value="false" />
    <boolean name="pref_newInstall" value="false" />
    <boolean name="pref_slidingMenuLiveStreamEntryEnabled" value="false" />
    <int name="pref_episodeSorting_6427" value="1" />
    <boolean name="pref_deleteOnPlayerControlLongPress" value="true" />
    <boolean name="pref_pauseOnAudioFocusLossTransientCanDuck" value="true" />
    <boolean name="pref_override_download_447" value="true" />
    <int name="pref_episodeSorting_400" value="1" />
    <boolean name="pref_podcastAutoDownload_351" value="true" />
    <boolean name="pref_widgetNewEpisodesButtonEnabled" value="false" />
    <boolean name="pref_newVersion" value="false" />
    <string name="pref_batchDownloadLimit_X">-1</string>
    <string name="pref_episodeFontSize">0</string>
    <float name="pref_speedAdjustment_431" value="1.5" />
    <boolean name="pref_episodeArtworkDisplay_X" value="true" />
    <string name="pref_playerAutomaticRewindDuration">0</string>
    <boolean name="pref_lockScreenWidgetEnabled" value="true" />
    <boolean name="pref_hide_updateCommentsCompleted_notification" value="false" />
    <boolean name="pref_wifiOnlyDownload" value="true" />
    <boolean name="pref_playerStandardNotificationRewind" value="false" />
    <int name="pref_episodeSorting_6563" value="1" />
    <boolean name="pref_commentRevertDisplay" value="false" />
    <int name="pref_widgetFontColorPicker" value="-1" />
    <boolean name="pref_skipConfirmationCancelDownload" value="true" />
    <string name="pref_podcastCustomName_X"></string>
    <int name="pref_episodeSorting" value="1" />
    <boolean name="pref_automaticEvictionOfDeprecatedEpisodes" value="false" />
    <boolean name="pref_slidingMenuAllEpisodesEntryEnabled" value="false" />
    <boolean name="pref_automaticPlaylistHelpDisplay" value="false" />
    <string name="pref_iTunesCountry">US</string>
    <int name="pref_widgetColorPicker" value="-14079959" />
    <boolean name="pref_automaticEvictionOfDeprecatedEpisodes_X" value="false" />
    <boolean name="pref_playbackSkipSilence_449" value="false" />
    <string name="pref_podcastDisplayMode">1</string>
    <boolean name="pref_shakeToResetTimer" value="false" />
    <boolean name="pref_speedPlaybackOn_449" value="false" />
    <boolean name="pref_playbackSkipSilence_447" value="false" />
    <boolean name="pref_speedPlaybackOn_447" value="false" />
    <boolean name="pref_wifiFiltering" value="false" />
    <boolean name="pref_notif_vibrate" value="false" />
    <boolean name="pref_playbackVolumeBoost_-99" value="false" />
    <boolean name="firstTimeStreamingOverData" value="false" />
    <boolean name="pref_donate" value="false" />
    <string name="pref_episodeWebViewFlashDisplay">2</string>
    <long name="pref_podcastTagFilter" value="22" />
    <boolean name="pref_markUnreadUponRestoration" value="true" />
    <boolean name="pref_notif_led" value="false" />
    <boolean name="pausedDownload" value="false" />
    <boolean name="firstTimePressingPlayButton" value="false" />
    <boolean name="pref_playbackVolumeBoost_377" value="false" />
    <boolean name="pref_speedPlaybackOn_431" value="true" />
    <string name="pref_sleepTimerShakeForce">1.75</string>
    <boolean name="pref_automaticPlay" value="false" />
    <string name="pref_downloadFolder">/storage/sdcard1/Android/data/com.bambuna.podcastaddict/files</string>
    <boolean name="pref_forceBlurryImageSoftwareRendering" value="false" />
    <string name="pref_adFormat2">0</string>
    <boolean name="pref_showUnreadEpisodeCounter" value="true" />
    <string name="pref_trashPeriod">-1</string>
    <boolean name="pref_isFeedAutoUpdateSpecificTimeEnabled" value="false" />
    <boolean name="pref_internalAudioPlayerEnabled" value="true" />
    <boolean name="pref_needThumbnailCleanup" value="true" />
    <int name="pref_episodeSorting_-17" value="1" />
    <int name="pref_episodeSorting_-16" value="1" />
    <boolean name="pref_resumeOnHeadsetConnect" value="false" />
    <boolean name="pref_displayRatingDialog" value="false" />
    <boolean name="pref_hasAdRemovalDialogBeenDisplayed" value="true" />
    <string name="pref_episodeQuickAction">2</string>
    <boolean name="pref_podcastAutoDownload_392" value="true" />
    <boolean name="pref_pauseWhenHeadsetUnplugged" value="true" />
    <boolean name="pref_override_download_400" value="false" />
    <int name="pref_jumpForward" value="30" />
    <string name="pref_deleteOldEpisodes">-1</string>
    <boolean name="pref_playbackSkipSilence_377" value="false" />
    <long name="pref_lastTimerDuration" value="1800000" />
    <boolean name="pref_searchEngineDateFilter" value="false" />
    <boolean name="pref_override_playlist" value="false" />
    <boolean name="pref_wifiOnlyStreaming" value="true" />
    <boolean name="pref_lockScreenWidgetArtworkEnabled" value="true" />
    <boolean name="pref_podcastAutoDownload" value="false" />
    <boolean name="pref_playFirstInPlaylist" value="false" />
    <boolean name="pref_pullToRefresh" value="true" />
    <boolean name="pref_markReadWhenDonePlaying" value="true" />
    <string name="pref_lastPlayedPodcastCategory"></string>
    <boolean name="pref_displayAdRemovalDialog" value="false" />
    <boolean name="pref_playbackSkipSilence_431" value="false" />
    <string name="pref_playerAutomaticRewindDuration_X">0</string>
    <int name="pref_previousVersionCode" value="964" />
</map>
